{
    "train_mae": 93.24813079833984,
    "val_mae": 81.78899383544922,
    "test_mae": 27.273529052734375
}