{
    "train_mae": 14.616962432861328,
    "val_mae": 19.426311492919922,
    "test_mae": 29.10091209411621
}