{
    "train_mae": 368.2061767578125,
    "val_mae": 826.6531982421875,
    "test_mae": 24.426355361938477
}