{
    "train_mae": 444.29681396484375,
    "val_mae": 790.8379516601562,
    "test_mae": 25.09109878540039
}