{
    "train_mae": 704.1898193359375,
    "val_mae": 977.4544677734375,
    "test_mae": 25.92049217224121
}