{
    "train_mae": 413.49896240234375,
    "val_mae": 1259.87451171875,
    "test_mae": 26.581151962280273
}